insert into job_category_mst values('0000000', '‰c‹ÆE', '0');
insert into job_category_mst values('0100000', '––±ŒnEí', '1');
insert into job_category_mst values('0200000', 'Šé‰æEŠÇ—ŒnEí', '2');
insert into job_category_mst values('0300000', '‚h‚s^’ÊME‚r‚dEƒVƒXƒeƒ€ƒGƒ“ƒWƒjƒA', '3');
insert into job_category_mst values('0400000', '‘fŞ^‰»Šw^H•i^‚»‚Ì‘¼', '4');
insert into job_category_mst values('0500000', '‹@ŠB^“d‹C^‘g‚İ‚İ', '5');
insert into job_category_mst values('0600000', 'Œš’zİŒv^“y–Ø^ƒvƒ‰ƒ“ƒg^İ”õ', '6');
insert into job_category_mst values('0700000', 'ƒGƒOƒ[ƒNƒeƒBƒu^Œo‰cŠé‰æ^–‹Æ“Š‡', '7');
insert into job_category_mst values('0800000', 'ƒRƒ“ƒTƒ‹ƒ^ƒ“ƒgEƒ}[ƒPƒeƒBƒ“ƒOE•s“®YEm‹ÆŒn', '8');
insert into job_category_mst values('0900000', 'ˆã—ÃEƒƒfƒBƒJƒ‹^‰îŒì^•Ÿƒ', '9');
insert into job_category_mst values('1000000', 'l–^Ì—p^‹³ˆç^˜J–±', '10');
insert into job_category_mst values('1100000', 'w”ƒ^•¨—¬^–fˆÕ‹âs^•ÛŒ¯^‚e‚oEƒtƒ@ƒCƒiƒ“ƒVƒƒƒ‹ƒvƒ‰ƒ“ƒi[', '11');
insert into job_category_mst values('1200000', 'ƒNƒŠƒGƒCƒeƒBƒuEƒNƒŠƒGƒCƒ^[ŒnEí', '12');
insert into job_category_mst values('1300000', '”Ì”„EƒT[ƒrƒXŒnEí', '13');
insert into job_category_mst values('1400000', 'Œö–±ˆõEŠ¯Œö’¡E“Æ—§s­–@lE‹³ˆõE”_—Ñ…YŠÖ˜A', '14');
insert into job_category_mst values('1500000', 'Šw¶E‘¼', '15');

insert into years_experience_mst values('00', '‚P”N–¢–', '0');
insert into years_experience_mst values('01', '‚P”NˆÈã‚T”N–¢–', '1');
insert into years_experience_mst values('02', '‚T”NˆÈã‚P‚O”N–¢–', '2');
insert into years_experience_mst values('03', '‚P‚O”NˆÈã‚P‚T”N–¢–', '3');
insert into years_experience_mst values('04', '‚Q‚O”NˆÈã', '4');

insert into age_group_mst values('00', '20Î–¢–', '0');
insert into age_group_mst values('01', '20ÎˆÈã25Î–¢–', '1');
insert into age_group_mst values('02', '25ÎˆÈã30Î–¢–', '2');
insert into age_group_mst values('03', '30ÎˆÈã35Î–¢–', '3');
insert into age_group_mst values('04', '35ÎˆÈã40Î–¢–', '4');
insert into age_group_mst values('05', '40ÎˆÈã45Î–¢–', '5');
insert into age_group_mst values('06', '45ÎˆÈã50Î–¢–', '6');
insert into age_group_mst values('07', '50ÎˆÈã55Î–¢–', '7');
insert into age_group_mst values('08', '55ÎˆÈã60Î–¢–', '8');
insert into age_group_mst values('09', '60ÎˆÈã65Î–¢–', '9');
insert into age_group_mst values('10', '65ÎˆÈã', '10');

insert into location_mst values('001', '–kŠC“¹', '1');
insert into location_mst values('002', 'ÂXŒ§', '2');
insert into location_mst values('003', 'ŠâèŒ§', '3');
insert into location_mst values('004', '‹{éŒ§', '4');
insert into location_mst values('005', 'H“cŒ§', '5');
insert into location_mst values('006', 'RŒ`Œ§', '6');
insert into location_mst values('007', '•Ÿ“‡Œ§', '7');
insert into location_mst values('008', 'ˆïéŒ§', '8');
insert into location_mst values('009', '“È–ØŒ§', '9');
insert into location_mst values('010', 'ŒQ”nŒ§', '10');
insert into location_mst values('011', 'é‹ÊŒ§', '11');
insert into location_mst values('012', 'ç—tŒ§', '12');
insert into location_mst values('013', '“Œ‹“s', '13');
insert into location_mst values('014', '_“ŞìŒ§', '14');
insert into location_mst values('015', 'VŠƒŒ§', '15');
insert into location_mst values('016', '•xRŒ§', '16');
insert into location_mst values('017', 'ÎìŒ§', '17');
insert into location_mst values('018', '•ŸˆäŒ§', '18');
insert into location_mst values('019', 'R—œŒ§', '19');
insert into location_mst values('020', '’·–ìŒ§', '20');
insert into location_mst values('021', 'Šò•ŒŒ§', '21');
insert into location_mst values('022', 'Ã‰ªŒ§', '22');
insert into location_mst values('023', 'ˆ¤’mŒ§', '23');
insert into location_mst values('024', 'OdŒ§', '24');
insert into location_mst values('025', ' ‰êŒ§', '25');
insert into location_mst values('026', '‹“s•{', '26');
insert into location_mst values('027', '‘åã•{', '27');
insert into location_mst values('028', '•ºŒÉŒ§', '28');
insert into location_mst values('029', '“Ş—ÇŒ§', '29');
insert into location_mst values('030', '˜a‰ÌRŒ§', '30');
insert into location_mst values('031', '’¹æŒ§', '31');
insert into location_mst values('032', '“‡ªŒ§', '32');
insert into location_mst values('033', '‰ªRŒ§', '33');
insert into location_mst values('034', 'L“‡Œ§', '34');
insert into location_mst values('035', 'RŒûŒ§', '35');
insert into location_mst values('036', '“¿“‡Œ§', '36');
insert into location_mst values('037', 'ìŒ§', '37');
insert into location_mst values('038', 'ˆ¤•QŒ§', '38');
insert into location_mst values('039', '‚’mŒ§', '39');
insert into location_mst values('040', '•Ÿ‰ªŒ§', '40');
insert into location_mst values('041', '²‰êŒ§', '41');
insert into location_mst values('042', '’·èŒ§', '42');
insert into location_mst values('043', 'ŒF–{Œ§', '43');
insert into location_mst values('044', '‘å•ªŒ§', '44');
insert into location_mst values('045', '‹{èŒ§', '45');
insert into location_mst values('046', '­™“‡Œ§', '46');
insert into location_mst values('047', '‰«“êŒ§', '47');

insert into recruitment_area_mst values('000', '‚Ç‚±‚Å‚à', '0');
insert into recruitment_area_mst values('001', '–kŠC“¹', '1');
insert into recruitment_area_mst values('002', 'ÂXŒ§', '2');
insert into recruitment_area_mst values('003', 'ŠâèŒ§', '3');
insert into recruitment_area_mst values('004', '‹{éŒ§', '4');
insert into recruitment_area_mst values('005', 'H“cŒ§', '5');
insert into recruitment_area_mst values('006', 'RŒ`Œ§', '6');
insert into recruitment_area_mst values('007', '•Ÿ“‡Œ§', '7');
insert into recruitment_area_mst values('008', 'ˆïéŒ§', '8');
insert into recruitment_area_mst values('009', '“È–ØŒ§', '9');
insert into recruitment_area_mst values('010', 'ŒQ”nŒ§', '10');
insert into recruitment_area_mst values('011', 'é‹ÊŒ§', '11');
insert into recruitment_area_mst values('012', 'ç—tŒ§', '12');
insert into recruitment_area_mst values('013', '“Œ‹“s', '13');
insert into recruitment_area_mst values('014', '_“ŞìŒ§', '14');
insert into recruitment_area_mst values('015', 'VŠƒŒ§', '15');
insert into recruitment_area_mst values('016', '•xRŒ§', '16');
insert into recruitment_area_mst values('017', 'ÎìŒ§', '17');
insert into recruitment_area_mst values('018', '•ŸˆäŒ§', '18');
insert into recruitment_area_mst values('019', 'R—œŒ§', '19');
insert into recruitment_area_mst values('020', '’·–ìŒ§', '20');
insert into recruitment_area_mst values('021', 'Šò•ŒŒ§', '21');
insert into recruitment_area_mst values('022', 'Ã‰ªŒ§', '22');
insert into recruitment_area_mst values('023', 'ˆ¤’mŒ§', '23');
insert into recruitment_area_mst values('024', 'OdŒ§', '24');
insert into recruitment_area_mst values('025', ' ‰êŒ§', '25');
insert into recruitment_area_mst values('026', '‹“s•{', '26');
insert into recruitment_area_mst values('027', '‘åã•{', '27');
insert into recruitment_area_mst values('028', '•ºŒÉŒ§', '28');
insert into recruitment_area_mst values('029', '“Ş—ÇŒ§', '29');
insert into recruitment_area_mst values('030', '˜a‰ÌRŒ§', '30');
insert into recruitment_area_mst values('031', '’¹æŒ§', '31');
insert into recruitment_area_mst values('032', '“‡ªŒ§', '32');
insert into recruitment_area_mst values('033', '‰ªRŒ§', '33');
insert into recruitment_area_mst values('034', 'L“‡Œ§', '34');
insert into recruitment_area_mst values('035', 'RŒûŒ§', '35');
insert into recruitment_area_mst values('036', '“¿“‡Œ§', '36');
insert into recruitment_area_mst values('037', 'ìŒ§', '37');
insert into recruitment_area_mst values('038', 'ˆ¤•QŒ§', '38');
insert into recruitment_area_mst values('039', '‚’mŒ§', '39');
insert into recruitment_area_mst values('040', '•Ÿ‰ªŒ§', '40');
insert into recruitment_area_mst values('041', '²‰êŒ§', '41');
insert into recruitment_area_mst values('042', '’·èŒ§', '42');
insert into recruitment_area_mst values('043', 'ŒF–{Œ§', '43');
insert into recruitment_area_mst values('044', '‘å•ªŒ§', '44');
insert into recruitment_area_mst values('045', '‹{èŒ§', '45');
insert into recruitment_area_mst values('046', '­™“‡Œ§', '46');
insert into recruitment_area_mst values('047', '‰«“êŒ§', '47');

insert into type_industry_mst values('0000000', '”_‹Æ', '0');
insert into type_industry_mst values('0100000', '—Ñ‹Æ', '1');
insert into type_industry_mst values('0200000', '‹™‹Æ', '2');
insert into type_industry_mst values('0300000', 'z‹Æ', '3');
insert into type_industry_mst values('0400000', 'Œšİ‹Æ', '4');
insert into type_industry_mst values('0500000', '»‘¢‹Æ', '5');
insert into type_industry_mst values('0600000', '“d‹CEƒKƒXE”M‹Ÿ‹‹E…“¹‹Æ', '6');
insert into type_industry_mst values('0700000', '‰^—A‹Æ', '7');
insert into type_industry_mst values('0800000', '‰µ”„E¬”„‹Æ', '8');
insert into type_industry_mst values('0900000', '‹à—ZE•ÛŒ¯‹Æ', '9');
insert into type_industry_mst values('1000000', '•s“®Y‹Æ', '10');
insert into type_industry_mst values('1100000', 'ˆùH“XAh”‘‹Æ', '11');
insert into type_industry_mst values('1200000', 'ˆã—ÃA•Ÿƒ', '12');
insert into type_industry_mst values('1300000', '‹³ˆçAŠwKx‰‡‹Æ', '13');
insert into type_industry_mst values('1400000', '•¡‡ƒT[ƒrƒX–‹ÆˆÏ', '14');
insert into type_industry_mst values('1500000', 'ƒT[ƒrƒX‹Æ(‘¼‚É•ª—Ş‚³‚ê‚È‚¢‚à‚Ì)', '15');
insert into type_industry_mst values('1600000', 'Œö–±i‘¼‚É•ª—Ş‚³‚ê‚È‚¢‚à‚Ìj', '16');
insert into type_industry_mst values('1700000', '•ª—Ş•s”\‚ÌY‹Æ', '17');

insert into numbering values('01', '000000000000');
insert into numbering values('02', '000000000000');
insert into numbering values('03', '000000000000');
